Country/Region,Vintage,Product Name,Grade
Alsace,2001,"Gewürztraminer Cuvée Théo 2001, Domaine Weinbach (Colette Faller et filles)",B
Alsace,2001,"Riesling Grand Cru Wineck-Schlossberg 2001, Domaine Meyer-Fonné",B
Alsace,2001,"Tokay Pinot Gris Réserve Particulière 2001, Domaine Meyer-Fonné",B
Alsace,2007,Domaine Marcel Deiss Riesling 2007,B
Alsace,2007,Pinot Gris Les Eléments 2007 (Domaine Bott-Geyl),B
Alsace,2007,Riesling Grand Cru Kirchberg 2007 (Domaine Jean Sipp),B
Alsace,2008,Pinot Gris 2008 (Domaine Rolly Gassmann),B
Alsace,2008,Riesling Grand Cru Saering 2008 (Domaines Schlumberger),B
Alsace,2010,"Gewürztraminer ""Les Princes Abbés"" 2010 (Domaines Schlumberger)",B
Argentina,2003,"Prodigo Malbec Reserva 2003, Alessandro Speri, Mendoza",B
Australian,1995,"Lindemans ""Pyrus"" Cabernet Sauvignon 1995",B
Australian,1997,"Eileen Hardy Shiraz 1997, McLaren Vale",B
Australian,1997,"Mitchells Peppertree Shiraz, Clare Valley 1997",C
Australian,2002,"D'Arenberg The Coppermine Road Cabernet Sauvignon 2002, McLaren Vale",B
Australian,2002,"Katnook Estate Prodigy Shiraz 2002, Coonawarra",B
Australian,2002,Warner Vineyard Giaconda Shiraz 2002,B
Australian,2002,Yalumba Eden Valley Viognier 2002,B
Australian,2008,"Moss Wood Chardonnay 2008, Margaret River",B
Austrian,2001,Grüner Veltliner Thal Novemberlese 2001 (Hiedler),B
Austrian,2011,"Loibner Steinertal Riesling Smaragd 2011, F X Pichler",B
Austrian,2011,"Steiner Riesling Ried Pfaffenberg Selection 2011 Trocken, Weingut Knoll",B
Bordeaux,1955,"Château Latour 1955, 1er Cru Classé, Pauillac",A1
Bordeaux,1961,"Château Gruaud-Larose 1961, 2me Cru Classé, St Julien",A1
Bordeaux,1961,"Château Latour 1961, 1er Cru Classé, Pauillac",A1
Bordeaux,1961,"Château Margaux 1961, 1er Cru Classé, Margaux",A1
Bordeaux,1962,"Château Latour 1962, 1er Cru Classé, Pauillac",A
Bordeaux,1962,"Château Margaux 1962, 1er Cru Classé, Margaux",A
Bordeaux,1970,"Château Palmer 1970, Magnums, 3me Cru Classé, Margaux",A1
Bordeaux,1970,"Château Pétrus 1970, Cru Exceptionnel, Pomerol",A1
Bordeaux,1975,"Château Cheval Blanc 1975, 1er Grand Cru Classé, St Emilion",A
Bordeaux,1975,"Château Cheval Blanc 1975, Magnums, 1er Grand Cru Classé, St Emilion",A
Bordeaux,1975,"Château Margaux 1975, 1er Cru Classé, Margaux",A
Bordeaux,1975,"Château Palmer 1975, 3me Cru Classé, Margaux",B
Bordeaux,1978,"Château Pétrus 1978, Cru Exceptionnel, Pomerol",A1
Bordeaux,1979,"Château Margaux 1979, 1er Cru Classé, Margaux",A1
Bordeaux,1981,"Château Beychevelle 1981, 4me Cru Classé, St Julien",B
Bordeaux,1981,"Château Cheval Blanc 1981, 1er Grand Cru Classé, St Emilion",A
Bordeaux,1982,"Château Beychevelle 1982, Magnums, 4me Cru Classé, St Julien",A
Bordeaux,1982,"Château Margaux 1982, 1er Cru Classé, Margaux",A1
Bordeaux,1983,"Château Cheval Blanc 1983, 1er Grand Cru Classé, St Emilion",A1
Bordeaux,1983,"Château Margaux 1983, 1er Cru Classé, Margaux",A1
Bordeaux,1985,"Château Brane-Cantenac 1985, Magnums, 2me Cru Classé, Cantenac-Margaux",B
Bordeaux,1985,"Château Cheval Blanc 1985, 1er Grand Cru Classé, St Emilion",A1
Bordeaux,1985,"Château Gruaud-Larose 1985, 2me Cru Classé, St Julien",A
Bordeaux,1985,"Château Margaux 1985, 1er Cru Classé, Margaux",A1
Bordeaux,1986,"Château Beychevelle 1986, 4me Cru Classé, St Julien",B
Bordeaux,1986,"Château Cheval Blanc 1986, 1er Grand Cru Classé, St Emilion",A1
Bordeaux,1986,"Château Cos d’Estournel 1986, Magnums, 2me Cru Classé, St Estèphe",A
Bordeaux,1986,"Château Ducru-Beaucaillou 1986, 2me Cru Classé, St Julien",B
Bordeaux,1986,"Château Giscours 1986, 3me Cru Classé, Labarde-Margaux",B
Bordeaux,1986,"Château Margaux 1986, 1er Cru Classé, Margaux",A1
Bordeaux,1986,"Château Montrose 1986, 2me Cru Classé, St Estèphe",A
Bordeaux,1986,"Château Mouton Rothschild 1986, 1er Cru Classé, Pauillac",A1
Bordeaux,1986,"Château Pichon-Longueville Baron 1986, 2me Cru Classé, Pauillac",B
Bordeaux,1986,"Château Pichon-Longueville, Comtesse de Lalande 1986, 2me Cru Classé, Pauillac",A
Bordeaux,1986,"Domaine de Chevalier 1986, Grand Cru Classé, Graves",B
Bordeaux,1986,"Le Pin 1986, Principal Growth, Pomerol",A1
Bordeaux,1986,"Vieux Château Certan 1986, Magnums, Principal Growth, Pomerol",A
Bordeaux,1988,Chateau Belair 1988,B
Bordeaux,1988,"Château Cos d’Estournel 1988, 2me Cru Classé, St Estèphe",A
Bordeaux,1988,"Château La Lagune 1988, 3me Cru Classé, Ludon (Haut Médoc)",B
Bordeaux,1988,"Château Lafite Rothschild 1988, 1er Cru Classé, Pauillac",A1
Bordeaux,1988,"Château Lynch Bages 1988, 5me Cru Classé, Pauillac",B
Bordeaux,1988,"Château Magdelaine 1988, 1er Grand Cru Classé, St Emilion",B
Bordeaux,1988,"Château Margaux 1988, 1er Cru Classé, Margaux",A1
Bordeaux,1988,"Château Mouton-Rothschild 1988, 1er Cru Classé, Pauillac",A
Bordeaux,1988,"Château Pichon-Longueville Baron 1988, 2me Cru Classé, Pauillac",B
Bordeaux,1988,"Château Rauzan-Ségla 1988, 2me Cru Classé, Margaux",B
Bordeaux,1988,"Château Troplong Mondot 1988, St Emilion",C
Bordeaux,1988,"Vieux Château Certan 1988, Cru Exceptionnel, Pomerol",B
Bordeaux,1989,"Château Angélus 1989, Grand Cru Classé, St Emilion",B
Bordeaux,1989,Chateau Beauséjour-Duffau-Lagarrosse 1989,B
Bordeaux,1989,"Château Cos d’Estournel 1989, 2me Cru Classé, St Estèphe",A
Bordeaux,1989,"Château Haut Brion 1989, 1er Cru Classé, Graves",A1
Bordeaux,1989,"Château Léoville Lascases 1989, 2me Cru Classé, St Julien",A
Bordeaux,1989,"Château Léoville Poyferré 1989, 2me Cru Classé, St Julien",B
Bordeaux,1989,"Château Mouton Rothschild 1989, 1er Cru Classé, Pauillac",A1
Bordeaux,1990,"Chateau Beychevelle 1990, 4me Cru Classé, St Julien",B
Bordeaux,1990,"Château Brane-Cantenac 1990, 2me Cru Classé, Cantenac-Margaux",B
Bordeaux,1990,"Château Calon-Ségur 1990, 3me Cru Classé, St Estèphe",B
Bordeaux,1990,"Château Canon 1990,  (Magnums) 1er Grand Cru Classé, St Emilion",B
Bordeaux,1990,"Château Canon 1990, 1er Grand Cru Classé, St Emilion",B
Bordeaux,1990,"Château Cos d’Estournel 1990, 2me Cru Classé, St Estèphe",A
Bordeaux,1990,"Château Grand-Puy-Lacoste 1990, 5me Cru Classé, Pauillac",B
Bordeaux,1990,"Château Lafite Rothschild 1990, 1er Cru Classé, Pauillac",A1
Bordeaux,1990,"Château Langoa Barton 1990, 3me Cru Classé, St Julien",B
Bordeaux,1990,"Château Latour 1990, 1er Cru Classé, Pauillac",A1
Bordeaux,1990,"Château Léoville Barton 1990, 2me Cru Classé, St Julien",A
Bordeaux,1990,"Château Léoville Poyferré 1990, 2me Cru Classé, St Julien",A
Bordeaux,1990,"Château Lynch Bages 1990, 5me Cru Classé, Pauillac",A
Bordeaux,1990,"Château Lynch Bages, (Magnums) 1990, 5me Cru Classé, Pauillac",A
Bordeaux,1990,"Château Margaux 1990, 1er Cru Classé, Margaux",A1
Bordeaux,1990,"Château Mouton-Rothschild 1990, 1er Cru Classé, Pauillac",A1
Bordeaux,1990,"Château Pichon-Longueville Baron 1990, 2me Cru Classé, Pauillac",A1
Bordeaux,1990,"Château Pichon-Longueville, Comtesse de Lalande 1990, 2me Cru Classé, Pauillac",A1
Bordeaux,1990,Chateau Sénéjac 1990,B
Bordeaux,1990,"Château Talbot 1990, 4me Cru Classé, St Julien",B
Bordeaux,1990,"Château Trotanoy 1990, Grand Cru Classé, Pomerol",A1
Bordeaux,1990,Domaine de Chevalier 1990,B
Bordeaux,1993,Château Le Tetre-Rôteboeuf 1993,B
Bordeaux,1994,"Château d'Angludet 1994, Margaux",C
Bordeaux,1994,"Chateau Grand-Puy-Lacoste 1994, Pauillac",B
Bordeaux,1994,Chateau La Grave à Pomerol (Trigant de Boisset) 1994,C
Bordeaux,1994,Chateau Latour à Pomerol 1994,A
Bordeaux,1994,"Château Léoville Barton, St Julien 1994",B
Bordeaux,1994,"Château Lynch-Bages 1994, 5me Cru Classé, Pauillac",B
Bordeaux,1994,"Chateau Magdelaine 1994, 1er Grand Cru, St Emilion",B
Bordeaux,1994,"Château Rauzan-Ségla 1994, 2me Cru Classé, Margaux",B
Bordeaux,1995,"Chateau Brane-Cantenac 1995, 2me Cru, Margaux",B
Bordeaux,1995,"Château Clerc Milon 1995, Pauillac",B
Bordeaux,1995,"Château Durfort Vivens 1995, 2me Cru, Margaux",B
Bordeaux,1995,"Chateau Grand Mayne 1995, Grand Cru Classé, Saint Emilion",B
Bordeaux,1995,"Chateau La Dominique 1995, Grand Cru Classé, Saint Emilion",B
Bordeaux,1995,Château La Fleur Pétrus 1995,A
Bordeaux,1995,"Château La Lagune 1995, 3ème Cru Ludon, Medoc",B
Bordeaux,1995,"Château Lagrange 1995, St Julien",B
Bordeaux,1995,"Château Langoa Barton 1995, 3me Cru Classé, St Julien",B
Bordeaux,1995,Chateau Latour à Pomerol 1995,B
Bordeaux,1995,Château Tour Haut Caussan 1995,C
Bordeaux,1995,"Domaine de Chevalier, 1995 Grand Cru Classé, Graves",B
Bordeaux,1996,"Château Batailley 1996, 5ème Cru Pauillac",B
Bordeaux,1996,"Chateau Beaumont 1996, Cru Bourgeois Haut Médoc",C
Bordeaux,1996,"Château Cheval Blanc 1996, 1er Grand Cru St Emilion",A
Bordeaux,1996,"Château Duhart Milon Rothschild 1996, 5ème Cru Classé, Pauillac",B
Bordeaux,1996,"Chateau Gruaud Larose 1996, 2ème Cru Classé, Saint Julien",B
Bordeaux,1996,"Château Haut-Brion 1996, Pessac-Léognan",A
Bordeaux,1996,"Chateau La Lagune 1996, 3ème Cru, Haut Médoc",B
Bordeaux,1996,"Chateau La Lagune 1996, Magnums, 3ème Cru, Haut Médoc",B
Bordeaux,1996,"Château Léoville Poyferré 1996, 5ème Cru, St Julien",B
Bordeaux,1996,"Chateau Phélan Ségur, Cru Bourgeois, St Estèphe 1996",B
Bordeaux,1996,"Château Talbot 1996, 4ème Cru Classé, St Julien",B
Bordeaux,1998,"Château Beauséjour- Duffau-Lagarrosse 1998, 1er Grand Cru Classé, St-Emilion",B
Bordeaux,1998,Château Lafite Rothschild 1998,A1
Bordeaux,1998,"Château Langoa Barton 1998, 3me Cru Classé, St Julien",B
Bordeaux,1998,"Château Latour 1998 Magnums, 1er Cru Classé, Pauillac",A1
Bordeaux,1998,"Château Latour 1998, 1er Cru Classé, Pauillac",A1
Bordeaux,1998,Château Latour à Pomerol 1998,B
Bordeaux,1998,"Château Lynch Bages 1998, 5eme Cru Classé, Pauillac",B
Bordeaux,1998,"Château Margaux 1998, 1er Cru Classé, Margaux",A1
Bordeaux,1998,Château Trotanoy 1998,A1
Bordeaux,1998,"Couvent des Jacobins 1998, Grand Cru St Emilion",B
Bordeaux,2000,"Château Cambon La Pelouse 2000, Haut Médoc",C
Bordeaux,2000,"Château de Fonbel 2000, Grand Cru St Emilion, (Alain Vauthier)",B
Bordeaux,2000,"Château Feytit-Clinet 2000, Pomerol (Magnums)",B
Bordeaux,2000,"Château Gruaud-Larose 2000, 2eme Cru Classé, St Julien",B
Bordeaux,2000,"Château Guillot 2000, Pomerol",B
Bordeaux,2000,"Château La Fleur Pétrus 2000, Pomerol",A
Bordeaux,2000,"Château Latour à Pomerol 2000, Pomerol",A
Bordeaux,2000,"Château Lynch-Bages 2000, 5ème Cru Classé, Pauillac",B
Bordeaux,2000,"Château Pichon-Longueville Comtesse de Lalande 2000, Pauillac",A
Bordeaux,2000,"Château Talbot 2000, 4eme Cru Classé, St Julien",B
Bordeaux,2001,"Château Haut Brion 2001, 1er Cru Graves",A
Bordeaux,2001,"Château La Fleur Pétrus 2001, Pomerol",A
Bordeaux,2001,"Château La Grave à Pomerol 2001, Pomerol",B
Bordeaux,2001,"Château La Lagune 2001, 3ème Cru Ludon, Médoc",B
Bordeaux,2001,"Château La Mission Haut-Brion 2001, Cru Classé, Pessac-Leognan",A
Bordeaux,2001,"Château Latour à Pomerol 2001, Pomerol",B
Bordeaux,2001,"Château Léoville-Poyferré 2001, 2ème Cru St Julien",B
Bordeaux,2001,"Château Montrose 2001, 2ème Cru St Estèphe",B
Bordeaux,2001,"Château Mouton Rothschild 2001, 1er Cru Pauillac",A
Bordeaux,2001,"Château Pichon-Longueville Baron 2001, 2me Cru Classé, Pauillac",B
Bordeaux,2001,"Château Pichon-Longueville Comtesse de Lalande 2001, 2ème Cru Classé, Pauillac",A
Bordeaux,2001,"Château Pontet Canet 2001, 5ème Cru Pauillac",B
Bordeaux,2003,"Château Bahans Haut-Brion 2003, Pessac-Léognan, Graves",B
Bordeaux,2003,"Château Beauséjour Duffau-Lagarosse 2003, 1er Grand Cru, St Emilion",B
Bordeaux,2003,"Château d'Armailhac 2003, 5ème Cru, Pauillac",B
Bordeaux,2003,"Château Haut Bailly 2003, Grand Cru Classé, Graves",B
Bordeaux,2003,"Château La Lagune 2003, 3ème Cru Classé, Ludon",B
Bordeaux,2003,"Château La Mission Haut-Brion 2003, Cru Classé, Pessac-Léognan",A
Bordeaux,2003,"Château Les Grands Chênes 2003, Médoc",B
Bordeaux,2003,"Château Lynch Bages 2003, 5ème Cru, Pauillac",B
Bordeaux,2003,"Château Plince 2003, Cru Classé, Pomerol",B
Bordeaux,2003,"Château Rausan-Ségla 2003, 2ème Cru, Margaux",B
Bordeaux,2003,"Pavillon Rouge du Château Margaux 2003, Margaux",B
Bordeaux,2004,"Château d'Angludet 2004, Margaux",B
Bordeaux,2004,"Château Gazin 2004, Pomerol",B
Bordeaux,2004,"Château Grand Puy Lacoste 2004, 5ème Cru Classé, Pauillac",B
Bordeaux,2004,"Château Gruaud-Larose 2004, 2ème Cru Classé, St Julien",B
Bordeaux,2004,"Château La Conseillante 2004, Pomerol",A
Bordeaux,2004,"Château La Mission-Haut-Brion 2004, Pessac-Léognan",A
Bordeaux,2004,"Château Lynch Bages 2004, 5ème Cru Classé, Pauillac",B
Bordeaux,2004,"Château Pichon-Longueville, Comtesse de Lalande 2004, 2ème Cru Classé, Pauillac",A
Bordeaux,2004,"Château Talbot 2004, 4ème Cru Classé, Saint Julien",B
Bordeaux,2004,"Clos Fourtet 2004 1er Grand Cru Classé, St Emilion",B
Bordeaux,2004,"Domaine de Chevalier 2004, Grand Cru Classé, Pessac-Léognan",B
Bordeaux,2004,"Vieux Château Certan 2004, Pomerol",A
Bordeaux,2005,"Château Belgrave 2005, 5ème Cru Classé, Haut-Médoc",B
Bordeaux,2005,"Château Brane-Cantenac 2005, 2ème Cru Classé, Cantenac-Margaux",B
Bordeaux,2005,"Château Gruaud-Larose 2005, 2ème Cru Classé, St Julien",B
Bordeaux,2005,"Château Lagrange 2005, Cru Classé, Pomerol",B
Bordeaux,2005,"Château Léoville-Barton 2005, 2ème Cru Classé St Julien",B
Bordeaux,2005,"Château Lynch Bages 2005, 5ème Cru Classé, Pauillac",B
Bordeaux,2005,"Château Pichon-Longueville Baron 2005, 2ème Cru Classé, Pauillac",A
Bordeaux,2005,"Château Talbot 2005, 4ème Cru Classé, St Julien",B
Bordeaux,2005,"Domaine de Chevalier 2005, Cru Classé, Pessac-Léognan",B
Bordeaux,2005,"Vieux Château Certan 2005, 1er Grand Cru Classé, Pomerol",A
Bordeaux,2006,"Château Brane-Cantenac 2006, 2ème Cru Classé, Margaux",B
Bordeaux,2006,"Château Cos d'Estournel 2006, 2ème Cru Classé, St Estèphe",B
Bordeaux,2006,"Château Gazin 2006, Pomerol",B
Bordeaux,2006,"Château Grand-Puy-Lacoste 2006, 5ème Cru Classé, Pauillac",B
Bordeaux,2006,"Château Pichon-Longueville Baron 2006, 2ème Cru Classé, Pauillac",B
Bordeaux,2006,"Château Pichon-Longueville Comtesse de Lalande 2006, 2ème Cru Classé, Pauillac",A
Bordeaux,2006,"Château Rauzan-Ségla 2006, 2ème Cru Classé, Margaux",B
Bordeaux,2006,"Château St Pierre 2006, 4ème Cru Classé, St Julien",B
Bordeaux,2009,"Château Grand Puy Lacoste 2009, 5ème Cru Classé, Pauillac",B
Bordeaux,2009,"Château Haut-Batailley 2009, 5ème Cru Classé, Pauillac",B
Bordeaux,2009,"Château Lascombes 2009, 2ème Cru Classé, Margaux",B
Bordeaux,2009,"Château Lynch-Moussas 2009, 5ème Cru Classé, Pauillac",B
Bordeaux,2009,"Château Talbot 2009, 4ème Cru Classé, St Julien",B
Brandy (Armagnac),,"Armagnac Chateau de Laubade, Hors d'Age",B
Brandy (Armagnac),,"Marquis de Puysegur VSOP Armagnac, Gers District",B
Brandy (NV Cognac),,"Delamain Pale and Dry Grande Champagne Cognac, Grande Champagne",B
Brandy (NV Cognac),,FLB Grande Champagne Cognac NV,B
Brandy (NV Cognac),,"Harvey's Fine Champagne Cognac, Grande Champagne District",B
Brandy (NV Cognac),,Hine Vieille fine Champagne Cognac,B
Brandy (NV Cognac),1995,Somerset 10 Year Old Cider Brandy,C
Brandy (Vintage Cognac),1878,"Grands Fins Bois 1878 Cognac, Charente, Berry Bros",A
Brandy (Vintage Cognac),1906,"Hine 1906, Cognac Grand Fine Champagne District, D Sandeman",A
Brandy (Vintage Cognac),1912,"Hennessy 1912, Fine Liqueur Cognac, Grande Champagne District, Hennessy",A
Brandy (Vintage Cognac),1913,"Martell 1913, Fine Liqueur Cognac, Grande Champagne District, D Sandeman",A
Brandy (Vintage Cognac),1921,"Martell 1921, Cognac Grande Champagne District, J Harvey",A
Brandy (Vintage Cognac),1922,"Hine 1922, Cognac Grande Champagne District",A
Brandy (Vintage Cognac),1924,"Hine 1924, Cognac Grande Champagne District, Army & Navy",A
Brandy (Vintage Cognac),1934,Christopher's Grande Fine Champagne Cognac 1934,A
Brandy (Vintage Cognac),1948,Frapin Grande Champagne Cognac 1948,A
Brandy (Vintage Cognac),1960,"Hine Grande Champagne Cognac 1960, landed 1962, bottled 1986",A
Brandy (Vintage Cognac),1970,Delamain Fine Champagne Cognac 1970,U
Burgundy (Red),1961,"Corton 1961, Grand Cru, Côte de Beaune, Bouchard Père et Fils",A
Burgundy (Red),1985,"Morey-St-Denis 1985, Côte de Nuits, Vienot",C
Burgundy (Red),1988,"Echézeaux 1988, Côte de, Nuits, Domaine Dujac",A
Burgundy (Red),1988,"Savigny-lès-Beaune les Lavières 1988, Côte de Beaune, Chandon de Briailles",B
Burgundy (Red),1990,"Corton Bressandes 1990, Grand Cru, Côte de Beaune, Chandon de Briailles",A1
Burgundy (Red),1990,"Echézeaux Grand Cru 1990, Côte de Nuits, Domaine de la Romanée-Conti",A1
Burgundy (Red),1990,"Vosne Romanée 1990, Côte de Nuits, Champy Père et Cie",B
Burgundy (Red),1993,Gevrey Chambertin Clos Prieur 1993 Domaine Thierry Mortet,B
Burgundy (Red),1993,"Savigny Les Beaune Aux Guettes 1993, Dom. Pavelot",B
Burgundy (Red),1995,"Clos de Vougeot Grand Cru 1995, Domaine Drouhin-Laroze",A
Burgundy (Red),1995,Mazy Chambertin 1995  (Domaine Armand Rousseau),B
Burgundy (Red),1995,"Pommard 1er Cru Grand Clos Des Epenots 1995, Dom. de Courcel",B
Burgundy (Red),1996,"Beaune 1er Cru Montrevenots 1996, Domaine Jean-Marc Boillot",C
Burgundy (Red),1996,"Beaune-Grèves 1996, 1er Cru, Tollot-Beaut",B
Burgundy (Red),1996,"Chambolle Musigny 1996, Joseph Drouhin",B
Burgundy (Red),1996,"Clos de Vougeot 1996, Joseph Drouhin, Côte de Nuits",A
Burgundy (Red),1996,"Corton Clos du Roi 1996, Grand Cru, Domaine Chandon de Briailles",A
Burgundy (Red),1996,Echezeaux Grd Cru (Champy) 1996,A
Burgundy (Red),1996,"Nuits St Georges 1er Cru Clos des Forets de St Georges, Domaine de L'Arlot 1996",B
Burgundy (Red),1996,"Pommard 1er Cru Clos des Epenots 1996, Domaine de Courcel",B
Burgundy (Red),1996,"Savigny Les Lavières 1996, 1er Cru, Tollot- Beaut",C
Burgundy (Red),1999,Aloxe Corton 1999 1er Cru Clos du Chapitre,C
Burgundy (Red),1999,Aloxe-Corton 1er Cru Les Fournières (Domaine Tollot-Beaut) 1999,B
Burgundy (Red),1999,"Clos de Vougeot 1999, Grand Cru, Domaine Hudelot-Noellat",A
Burgundy (Red),1999,"Le Corton Grand Cru 1999, Domaine Bouchard Père et Fils",B
Burgundy (Red),1999,Nuits-Saint-Georges 1er Cru Les Pruliers 1999 (Robert Chevillon),A
Burgundy (Red),1999,"Pommard 1er Cru Clos des Epeneaux 1999, Domaine Comte Armand",B
Burgundy (Red),1999,"Savigny les Beaune, 1er Cru, Les Lavières 1999 (Domaine Chandon de Briailles)",C
Burgundy (Red),1999,Volnay 1er Cru Clos de la Barre 1999 (Louis Jadot),B
Burgundy (Red),1999,"Volnay Caillerets 1er Cru 1999, Ancienne Cuvée Carnot (Dom. Bouchard Père et fils)",B
Burgundy (Red),1999,"Vosne Romanée 1999 1er Cru Les Malconsorts, Domaine Hudelot-Noellat",A
Burgundy (Red),2002,Beaune Clos des Mouches 2002,B
Burgundy (Red),2002,"Bonnes-Mares Grand Cru 2002, Domaine Drouhin-Laroze",A
Burgundy (Red),2002,"Chassagne-Montrachet 1er Cru Clos du Château 2002, Château de la Maltroye",C
Burgundy (Red),2002,Latricières Chambertin Grand Cru 2002 (Domaine Nicolas Potel),A
Burgundy (Red),2002,"Latricières-Chambertin Grand Cru 2002, Drouhin Laroze",A
Burgundy (Red),2002,"Nuits-St-Georges 1er Cru aux Perdrix 2002, Domaine de Perdrix",B
Burgundy (Red),2002,"Nuits-St-Georges 1er Cru Clos des Fôrets Saint Georges 2002, Domaine de L'Arlot",B
Burgundy (Red),2002,"Nuits-St-Georges 1er Cru Les Boudots 2002, Louis Jadot",B
Burgundy (Red),2002,"Vosne Romanée 2002, Domaine Michel Gros",B
Burgundy (Red),2002,"Vosne Romanée Les Malconsorts 2002, (Domaine Nicolas Potel)",B
Burgundy (Red),2003,Clos de la Roche Grand Cru 2003 (Domaine David Duband),B
Burgundy (Red),2003,Clos de Vougeot Grand Cru 2003 (Domaine René Engel),B
Burgundy (Red),2003,Corton Les Grandes Lolières 2003 (Domaine Bertagna),B
Burgundy (Red),2003,Corton Pougets Grand Cru 2003 (Louis Jadot),B
Burgundy (Red),2003,Gevrey-Chambertin Clos du Fonteny 2003 (Domaine Bruno Clair),B
Burgundy (Red),2003,Nuits-St-Georges 1er Cru Les Damodes 2003 (Domaine Jean Chauvenet),B
Burgundy (Red),2003,Nuits-St-Georges 1er Cru Les Saint Georges 2003 (Domaine Thibault Liget-Belair),B
Burgundy (Red),2005,Gevrey Chambertin 1er Cru Au Closeau 2005 (Drouhin-Laroze),B
Burgundy (Red),2005,Gevrey Chambertin Clos Prieur 2005 (Domaine Roy),B
Burgundy (Red),2005,Morey-St-Denis 1er Cru Les Millandes 2005 (Domaine Pierre Amiot et fils),B
Burgundy (Red),2005,Nuits-St-Georges 1er Cru Les Vignes Rondes 2005 (Confuron Coteditot),B
Burgundy (Red),2005,Nuits-St-Georges Clos des Grandes Vignes 2005 (Montille),B
Burgundy (Red),2005,Nuits-St-Geroges 1er Cru Les Damodes 2005 (Chauvenet),B
Burgundy (Red),2005,Pommard Les Petits Noizons 2005 (Domaine de la Vougeraie),B
Burgundy (Red),2005,"Volnay Cailleret 1er Cru 2005, Domaine Nicolas Rossignol",B
Burgundy (Red),2005,Vosne-Romanée 1er Cru Les Suchots 2005 (Domaine J Confuron Côteditot),B
Burgundy (Red),2009,Aloxe-Corton 1er Cru Les Fournières 2009 (Domaine Tollot-Beaut),B
Burgundy (Red),2009,Beaune Grèves 1er Cru 2009 (Domaine Tollot-Beaut),B
Burgundy (Red),2009,Chambolle-Musigny 2009 (Domaine Confuron-Cotetidot),B
Burgundy (Red),2009,Nuits-St-Georges 1er Cru Clos des Forêts St-Georges 2009 (Domaine de l'Arlot),B
Burgundy (Red),2009,Nuits-St-Georges 1er Cru Les Pruliers 2009 (Jean Grivot),B
Burgundy (White),1985,"Bâtard-Montrachet 1985, Grand Cru, J N Gagnard",A1
Burgundy (White),1988,"Chevalier-Montrachet 1988, Côte de Beaune, Domaine Michel Niellon",A1
Burgundy (White),1989,"Bâtard-Montrachet 1989, Côte de Beaune, Domaine Gagnard-Delagrange",A1
Burgundy (White),1990,"Corton-Charlemagne 1990, Grand Cru (Bonneau du Martray)",A1
Burgundy (White),1997,"Corton Charlemagne 1997, Domaine Bonneau du Martray",B
Burgundy (White),1998,"Chassagne Montrachet 1998, Domaine Blain Gagnard",B
Burgundy (White),1998,"Pouilly Fuissé Les Brûlés Château Fuissé 1998, JJ Vincent",B
Burgundy (White),1998,"Puligny-Montrachet 1er Cru Le Clavoillon 1998, Domaine Leflaive",A
Burgundy (White),1999,Chassagne-Montrachet 1er Cru Les Chaumées 1999,A
Burgundy (White),1999,"Pouilly Fuissé Les Crays Vieilles Vignes 1999, Domaine Daniel Barraud",B
Burgundy (White),1999,Puligny-Montrachet 1er Cru Les Champs Canet 1999 (Olivier Leflaive),B
Burgundy (White),2000,Chassagne-Montrachet 1er Cru Les Chenevottes 2000 (Domaine Jean-Noël Gagnard),B
Burgundy (White),2000,Chassagne-Montrachet Marquis de Laguiche 2000 (Joseph Drouin),A
Burgundy (White),2000,"Corton-Charlemagne 2000, Grand Cru (Domaine Vincent Girardin)",B
Burgundy (White),2000,Pouilly-Fuissé 'Terroir de Vergisson' 2000 (Olivier Merlin),B
Burgundy (White),2000,"Puligny-Montrachet Les Champs Gains 2000, (Bouchard Père et Fils)",B
Burgundy (White),2001,Bâtard-Montrachet Grand Cru 2001 (Domaine Blain-Gagnard),A
Burgundy (White),2001,Chassagne Montrachet 2001 (Domaine Fontaine-Gagnard),B
Burgundy (White),2002,Chablis 1er Cru Montée de Tonnerre 2002 (Domaine Fèvre),B
Burgundy (White),2002,"Chassagne Montrachet 1er Cru Morgeot 2002, Domaine du Duc de Magenta (Louis Jadot)",B
Burgundy (White),2002,Chassagne-Montrachet 1er Cru En Virondot 2002 (Domaine Marc Morey),B
Burgundy (White),2002,"Pernand-Vergelesses Blanc 2002, Maison Champy",C
Burgundy (White),2002,Puligny Montrachet 1er Cru Les Referts 2002 (Louis Jadot),B
Burgundy (White),2002,"Rully 1er Cru Margoté 2002, (Domaine Jacqueson)",C
Burgundy (White),2004,"Chablis Grand Cru Les Clos 2004, (Domaine William Fèvre)",B
Burgundy (White),2004,"Chablis Grand Cru Vaudèsir 2004, William Fèvre",B
Burgundy (White),2004,Chassagne-Montrachet 1er Cru La Grande Montagne 2004 (Domaine Fontaine-Gagnard),B
Burgundy (White),2004,Chassagne-Montrachet 1er Cru Les Caillerets 2004 (Domaine Fontaine-Gagnard),B
Burgundy (White),2004,Chassagne-Montrachet 1er Cru Morgeot 2004 (Domaine Jean Noel Gagnard),B
Burgundy (White),2004,"Corton Charlemagne Grand Cru 2004, Maison Champy",A
Burgundy (White),2004,"Pouilly Fuissé La Roche 2004, Bret Brothers",C
Burgundy (White),2004,Puligny-Montrachet 1er Cru Hameau de Blagny 2004 (Domaine Etienne Sauzet),B
Burgundy (White),2004,"Pulilgny-Montrachet Champ Gain 2004, (Domaine Gagey), Louis Jadot",B
Burgundy (White),2005,Chablis 1er Cru Montée de Tonnerre 2005 (Jean-Paul et Benoît Droin),B
Burgundy (White),2005,"Corton-Charlemagne Grand Cru 2005, Domaine Bonneau de Martray",A
Burgundy (White),2005,Meursault 1er Cru Perrières 2005 (Chanson Père et fils),B
Burgundy (White),2005,Meursault Les Grands Charrons 2005 (Michel Bouzereau et fils),B
Burgundy (White),2005,Puligny-Montrachet 1er Cru Les Champs Gain 2005 (Mischief & Mayhem),A
Burgundy (White),2005,Puligny-Montrachet 1er Cru Les Garennes 2005 (Remoissenet Père et fils),B
Burgundy (White),2006,"Corton-Charlemagne Grand Cru 2006, Domaine Rapet",A
Burgundy (White),2006,"Meursault Charmes 1er Cru 2006, Louis Jadot",B
Burgundy (White),2006,"Meursault-Charmes 1er Cru 2006, Domaine Henri Germain et fils",B
Burgundy (White),2006,"Puligny-Montrachet 1er Cru Les Folatières 2006, Louis Jadot",B
Burgundy (White),2006,"Puligny-Montrachet 1er Cru Les Referts 2006, Remoissenet Père et fils",B
Burgundy (White),2006,Puligny-Montrachet Château de Puligny-Montrachet 2006,B
Burgundy (White),2007,Chassagne-Montrachet 1er Cru Morgeot Les Fairendes 2007 (Jean-Marc Pillot),B
Burgundy (White),2007,"Chassagne-Montrachet 1er Cru Morgeot Vigne Blanche 2007, Château de la Maltroye",B
Burgundy (White),2007,"Chassagne-Montrachet 1er Cru Morgeot Vigne Blanche 2007, Château de la Maltroye",B
Burgundy (White),2007,Meursault 1er Cru Santenots 2007 (Domaine Marquis d'Angerville),B
Burgundy (White),2007,"Monthélie Blanc 2007, Château de Puligny-Montrachet",B
Burgundy (White),2007,"Pouilly-Fuissé Les Vieilles Vignes 2007, Château de Fuissé",B
Burgundy (White),2007,Puligny-Montrachet 1er Cru La Clavoillon 2007 (Domaine Leflaive),A
Burgundy (White),2008,"Chablis 1er Cru Vaillon 2008, Cuvée Guy Moreau (Domaine Christian Moreau Père et fils)",B
Burgundy (White),2008,Corton-Charlemagne 2008 Grand Cru (Bonneau du Martray),B
Burgundy (White),2008,Meursault 1er Cru En Luraule 2008 (Joseph Drouhin),B
Burgundy (White),2008,Puligny-Montrachet Clos de la Garenne 2008 (Domaine du Duc de Magenta) Louis Jadot,B
Californian (Red),1995,Mondavi Napa Valley Cabernet Sauvignon 1995,B
Californian (Red),1996,"Ridge Zinfandel, Geyserville 1996",B
Californian (Red),1996,Staglin Cabernet Sauvignon 1996,A
Californian (Red),1997,"Newton Vineyard 1997 Merlot, Special Cuvee, Napa Valley",B
Californian (Red),2000,Dominus 2000 Napanook (Christian Moueix),B
Californian (Red),2000,Ridge Monte Bello 2000,A
Champagne (Non Vintage),,Berrys UKC Champagne Grand Cru (Mailly) NV,B
Champagne (Non Vintage),,Bollinger Special Cuvee,B
Champagne (Non Vintage),,Heidsieck Heritage Brut NV,B
Champagne (Non Vintage),,Louis Roederer Brut Premier NV,B
Champagne (Non Vintage),,Pol Roger Brut Reserve,A
Champagne (Non Vintage),NV,Louis Roederer Carte Blanche NV,B
Champagne (Vintage),1964,"Krug 1964, Brut,, Magnums, Reims",A1
Champagne (Vintage),1982,"Krug 1982, Magnums, Reims",A
Champagne (Vintage),1985,Pol Roger Cuvée Sir Winston Churchill 1985,A1
Champagne (Vintage),1986,"Louis Roederer 1986, Magnums, Reims",A
Champagne (Vintage),1990,Louis Roederer Brut 1990,A
Champagne (Vintage),1995,Taittinger Comtes de Champagne Blanc de Blancs Brut 1995,A
Champagne (Vintage),1996,Bollinger Grande Année 1996,A
Champagne (Vintage),1996,Gosset Grand Millésime Brut 1996,A
Champagne (Vintage),1996,Louis Roederer Brut 1996,A
Champagne (Vintage),1996,Louis Roederer Cristal 1996,A
Champagne (Vintage),1996,Taittinger Brut Millesime 1996,B
Champagne (Vintage),1997,Alfred Gratien Brut Millésime 1997,B
Champagne (Vintage),1998,Pol Roger Brut 1998,B
Champagne (Vintage),1998,Taittinger Comtes de Champagne Blanc de Blancs 1998,A
Champagne (Vintage),2000,Louis Roederer Brut 2000,A
Champagne (Vintage),2002,Legras Présidence Vieilles Vignes Grand Cru Brut 2002,B
Chile,2001,Le Dix de Los Vascos 2001 (Domaine Barons de Rothschild) Colchagua,B
English & Welsh,2004,Chapel Down Bacchus Lamberhurst Estate Reserve 2004,C
English & Welsh,2004,Denbies Bacchus 2004,C
English & Welsh,2004,Three Choirs Siegerrebe Estate Reserve 2004,C
English & Welsh,2006,Denbies Ortega 2006,C
English & Welsh,2006,Denbies Schönburger 2006,B
English & Welsh,2007,Chapel Down Bacchus Reserve 2007,C
English & Welsh,2009,Camel Valley Bacchus 2009,C
English & Welsh,2009,Chapel Down Chardonnay 2009,C
English & Welsh,2009,Chapel Down Pinot Blanc 2009,C
English & Welsh,2009,Three Choirs Willow Brook 2009,C
English & Welsh,2010,Camel Valley Atlantic Dry 2010,C
English & Welsh,2010,Chapel Down Chardonnay 2010,C
English & Welsh,2010,Furleigh Estate Bacchus Fumé 2010,C
English & Welsh,NV,Three Choirs Annum,C
Italian (Red),1994,"Masseto 1994, Bolgheri (Ornellaia)",B
Italian (Red),1995,Barolo Claudio Alario 1995,B
Italian (Red),1996,"Chianti Classico Riserva, Fonterutoli 1996",B
Italian (Red),1997,"Avvoltore 1997, Maremme Tuscana",B
Italian (Red),1999,Allegrini La Poja 1999,A
Italian (Red),1999,Brunello di Montalcino Riserva Talenti 1999,B
Italian (Red),1999,"Gavi di Gavi, La Chiara 1999",U
Italian (Red),2000,"Paleo Le Macchiole 2000, Bolgheri",B
Italian (Red),2001,"Flaccianello della Pieve 2001, Fontodi",B
Italian (Red),2001,Sassicaia Tenuta San Guido 2001,B
Liqueurs,,Chartreuse Green,
Liqueurs,,Cointreau,
Liqueurs,,Creme de Menthe,
Liqueurs,,Drambuie,
Liqueurs,,Grand Marnier,
Loire,2002,Pouilly Fumé Château de Tracy 2002,C
Loire,2006,Pouilly Fumé Les Cornets 2006 (Domaine Alain Cailbourdin),B
Loire,2006,Sancerre 2006 (Domaine Tissier),B
Loire,2007,Sancerre 2007 (Pascal et Nicolas Reverdy),B
Loire,2010,"Sancerre Nuance 2010, Vincent Pinard",B
Loire,2010,"Vouvray Le Mont Sec 2010, Domaine Huet",B
Malt Whisky,,Caol Ila 18 Year Old Single Malt,
Malt Whisky,,Dalwhinnie 15 Year Old Single Malt,
Mosel,1990,"Serriger Würtzberg Riesling Auslese 1990, Saar Herrenberg, Bert Simon",A
Mosel,2001,Bernkasteler Badstube Riesling Kabinett 2001 (Dr Thanisch),B
Mosel,2001,"Graacher Himmelreich Riesling Spätlese 2001, JJ Prüm",B
Mosel,2001,"Scharzhofberger Riesling Spätlese 2001, von Hövel",B
Mosel,2001,"Wehlener Sonnenuhr Riesling Spätlese 2001, JJ Prüm",B
Mosel,2007,"Bernkasteler Badstube Riesling Kabinett 2007, (JJ Prüm)",B
Mosel,2007,Maximin Grünhäuser Abtsberg Riesling Kabinett 2007 (Von Schubert),B
Mosel,2007,Maximin Grünhäuser Abtsberg Riesling Spätlese 2007 (Von Schubert),B
Mosel,2007,Serriger Herrenberg Riesling Spätlese Feinherb 2007 (Weingut Dr Siemens),B
Mosel,2007,Wehlener Sonnenuhr Riesling Spätlese 2007 (JJ Prüm),B
Mosel,2011,"Roxheimer Höllenpfad Riesling Trocken 2011, Weingut Hermann Dönnhoff, Nahe",B
Mosel,2011,Wehlener Sonnenuhr Riesling Spätlese 2011 (JJ Prüm),B
New Zealand,2002,"Craggy Range Le Sol Syrah 2002, Hawkes Bay",B
New Zealand,2002,"Felton Road Chardonnay 2002, Central Otago",B
New Zealand,2002,"Wither Hills Chardonnay 2002, Marlborough",B
New Zealand,2003,"Avery Craggy Range Sauvignon Blanc 2003, Marlborough",B
New Zealand,2003,Palliser Estate Sauvignon Blanc 2003,B
New Zealand,2004,"Dry River Pinot Noir 2004, Martinborough",B
New Zealand,2006,Fromm Clayvin Vineyard Chardonnay 2006 Marlborough,B
New Zealand,2008,"Felton Road Chardonnay 2008, Central Otago",B
Port,1931,"Quinta do Noval, 1931",A1
Port,1935,Graham 1935,A
Port,1945,Graham 1945,A1
Port,1945,"Quinta do Noval, 1945",A1
Port,1945,Warre 1945,A1
Port,1948,Fonseca 1948,A1
Port,1955,Taylor 1955,A1
Port,1977,Dow 1977,A1
Port,1977,Fonseca 1977,A1
Port,1977,Quarles Harris 1977,B
Port,1977,Taylor 1977,A
Port,1977,Warre 1977,A
Port,1982,Warres Quinta do Cavadinha 1982,A
Port,1983,Dow 1983,B
Port,1983,Fonseca 1983,B
Port,1983,Graham 1983,A
Port,1983,Taylor 1983,A
Port,1983,Warre 1983,B
Port,1985,Churchill 1985,B
Port,1985,Cockburn 1985,B
Port,1985,Croft 1985,B
Port,1985,Fonseca 1985,A1
Port,1985,Graham 1985,B
Port,1985,Taylor 1985,A
Port,1985,Warre 1985,A
Port,1994,Fonseca 1994,B
Port,1994,Graham 1994,B
Port,1994,Quarles Harris 1994,B
Port,1994,Taylor 1994,B
Port,1994,Warre 1994,B
Port,1996,Quinta do Vesuvio 1996,B
Port,2000,Croft 2000,U
Port,2000,Dow's 2000,U
Port,2000,Fonseca 2000,U
Port,2000,Taylor 2000,U
Reception Wines (Red),2008,Concha y Toro Merlot,C
Reception Wines (White),2011,Chapel Down Bacchus 2011,C
Reception Wines (White),2012,Chapel Down Bacchus 2012,C
Rhein,2001,Forster Jesuitengarten Riesling Kabinett 2001,B
Rhein,2001,Schloss Johannisberger Riesling Spätlese Grünlack 2001,B
Rhône,1985,"Cornas 1985, Guy de Barjac",B
Rhône,1985,"Côte-Rôtie 1985, Domaine Emile Champet",B
Rhône,1986,"Côte-Rôtie 1986, Domaine Burgaud",B
Rhône,1986,"Hermitage 1986, Domaine des Remizières, (Desmeure Père et fils)",B
Rhône,1987,"Hermitage 1987, Jean-Louis Chave",B
Rhône,1988,"Côte-Rôtie 1988, Côte Brune et Blonde, P Gaillard",B
Rhône,1988,"Hermitage 1988,, Bernard Faurie",A
Rhône,1990,"Hermitage la Chapelle, 1990, Paul Jaboulet, Aîné",A1
Rhône,1995,Crozes Hermitage Domaine Thalabert 1995,B
Rhône,1995,"Crozes Hermitage La Petite Ruche, Chapoutier 1995",B
Rhône,1998,"Chateauneuf du Pape, Clos des Papes 1998",B
Rhône,1998,"Côte Rôtie 1998, Robert & Patrick Jasmin",A
Rhône,1998,"Côtes du Rhône - Villages 1998, Cuvée Nôtre Dame de Cellettes (Domaine Sainte Anne)",B
Rhône,1998,"Côtes du Rhône 1998, Coudoulet de Beaucastel",C
Rhône,1998,"Gigondas 1998, Chateau du Trignon",B
Rhône,1998,"Gigondas 1998, Domaines Perrin",B
Rhône,2007,"Châteauneuf du Pape 2007, Domaine des Sénéchaux (Jean-Michel Cazes)",B
Rhône,2007,"Châteauneuf-du-Pape Chante Le Merle 2007, Bosquet des Papes",B
Rhône,2007,"Côte-Rôtie 2007, Domaine Jean-Michel Stephan",A
Rhône,2007,Gigondas Pierre Aiguille 2007 (Paul Jaboulet Aîné),B
Sauternes/Barsac,1967,"Château Suduiraut 1967, 1er Cru Classé, Sauternes",A
Sauternes/Barsac,1988,"Château Coutet 1988, 1er Cru Classé, Barsac",A
Sauternes/Barsac,1990,"Château Sigalas-Rabaud 1990, Ier Cru Classé, Sauternes",A
Sauternes/Barsac,1990,"Château Suduiraut 1990 Halves, 1er Cru Sauternes",A
Sauternes/Barsac,1997,"Château La Tour Blanche 1997, 1er Cru Classé, Sauternes",A
Sauternes/Barsac,1997,"Château Lafaurie Peyraguey 1997, 1er Cru Sauternes",A
Sauternes/Barsac,1997,"Château Rieussec 1997, 1er Cru Sauternes",A
Sauternes/Barsac,1997,"Château Suduiraut 1997, 1er Cru Sauternes",A
Sauternes/Barsac,2001,"Château Doisy-Daëne 2001, 2ème Cru, Barsac",B
Sauternes/Barsac,2001,Château La Tour Blanche 2001 Half Bottles,B
Sauternes/Barsac,2001,"Château Lafaurie Peyraguey 2001, 1er Cru Sauternes",B
Sauternes/Barsac,2001,"Château Suduiraut 2001, 1er Cru, Sauternes",A
South African,2002,"Jordan Estate Chardonnay 2002, Stellenbosch",B
South African,2002,"Mont du Toit 2002, Wellington, Western Cape",B
South African,2003,"Hamilton Russell Pinot Noir 2003, Walker Bay",B
South African,2003,"Rustenberg Peter Barlow Cabernet Sauvignon 2003, Stellenbosch",B
South African,2008,"Hamilton Russell Chardonnay 2008, Walker Bay",B
Spanish,1991,Pesquera Reserva 1991,B
Spanish,1999,Vega Sicilia Cosecha Valbuena 1999,A
Spanish,2000,"Muga Rioja Reserva 2000, Seleccion Especial",B
Spanish,2000,Ribera del Duero Alion Cosecha 2000,B
Spanish,2001,"Calvario Rioja 2001, Finca Allende",B
Sparkling Wines,1998,Nyetimber Prestige Cuvée 1998,B
Sparkling Wines,1999,Breaky Bottom Cuvée Rémy Alexandre 1999 Brut,C
Sparkling Wines,2001,Chapel Down Pinot Reserve 2001,B
Sparkling Wines,2002,Ridgeview Merret Fitzrovia Rosé 2002,C
Sparkling Wines,2004,Ridgeview Cuvée Merret Fitzrovia Rosé 2004,C
Sparkling Wines,2005,Nyetimber Classic Cuvée 2005,B
Sparkling Wines,2006,Denbies Cubitt Reserve 2006,C
Sparkling Wines,2006,Ridgeview Cuvée Merret Grosvenor 2006,C
Sparkling Wines,2007,Nyetimber Classic Cuvée 2007,C
Sparkling Wines,2008,Breaky Bottom Cuvée Princess Colonna Reserve 2008,C
Sparkling Wines,2008,Camel Valley Pinot Noir 2008 Brut,C
Sparkling Wines,2009,Ridgeview Grosvenor 2009 Brut,C
Sparkling Wines,2010,Camel Valley Pinot Noir Rosé Brut 2010,C
Sparkling Wines,NV,Nyetimber Demi Sec NV,C
Spirits and Aperitifs,,Abelha Silver Cachaca,C
Spirits and Aperitifs,,Bourbon,
Spirits and Aperitifs,,Campari,
Spirits and Aperitifs,,Dubonnet,
Spirits and Aperitifs,,Martini Dry,
Spirits and Aperitifs,,Pimm's No 1,
Spirits and Aperitifs,,Vodka,
Spirits and Aperitifs,NV,Dewasakura Oka Sake Junmai-Ginso,B
Whisky (Various),,Scotch Whisky Blends,
